﻿<?xml version="1.0" encoding="utf-8"?>
<DynamicProperties>
  <DynamicPropertiesCategory Category="3D component" Type="File">
    <DynamicProperty>Title</DynamicProperty>
    <DynamicProperty>Material</DynamicProperty>
    <DynamicProperty>Part Number</DynamicProperty>
    <DynamicProperty>Weight</DynamicProperty>
    <DynamicProperty>Spare-Wear Part</DynamicProperty>
    <DynamicProperty>Dimensions/Size</DynamicProperty>
    <DynamicProperty>Description 2</DynamicProperty>
    <DynamicProperty>Description</DynamicProperty>
    <DynamicProperty>Stock Number</DynamicProperty>
    <DynamicProperty>Length (Cut)</DynamicProperty>
    <DynamicProperty>Semi finished</DynamicProperty>
    <DynamicProperty>Ident Number</DynamicProperty>
    <DynamicProperty>Project Number</DynamicProperty>
    <DynamicProperty>Source File</DynamicProperty>
  </DynamicPropertiesCategory>
</DynamicProperties>