<?xml version="1.0" encoding="utf-8"?>

<UIStrings LanguageCode="en-US">
  <!--Labels used in XAMLs-->
  <UIString ID="LBL1">Folder</UIString>
  <UIString ID="LBL2">Title</UIString>
  <UIString ID="LBL3">Description</UIString>
  <UIString ID="LBL4">State</UIString>
  <UIString ID="LBL5">Path</UIString>
  <UIString ID="LBL6">File Name</UIString>
  <UIString ID="LBL7">Comments</UIString>
  <UIString ID="LBL8">Category</UIString>
  <UIString ID="LBL9">Template</UIString>
  <UIString ID="LBL10">Number Scheme</UIString>
  <UIString ID="LBL11">Folder Name</UIString>
  <UIString ID="LBL12">Revision</UIString>
  <UIString ID="LBL13">Version</UIString>
  <UIString ID="LBL14">Lifecycle State</UIString>
  <UIString ID="LBL15">Position</UIString>
  <UIString ID="LBL16">Part Number</UIString>
  <UIString ID="LBL17">Quantity</UIString>
  <UIString ID="LBL18">Component Type</UIString>
  <UIString ID="LBL19">Name</UIString>
  <UIString ID="LBL20">Change Order Number</UIString>
  <UIString ID="LBL21">Due Date</UIString>
  <UIString ID="LBL22">Change Order Title</UIString>
  <UIString ID="LBL23">Document Type</UIString>
  <UIString ID="LBL24">New File</UIString>
  <UIString ID="LBL25">Edit File Datasheet</UIString>
  <UIString ID="LBL26">(Read Only)</UIString>
  <UIString ID="LBL27">[Assigned]</UIString>
  <UIString ID="LBL28">Add template folders and files first</UIString>
  <UIString ID="LBL29">New Folder</UIString>
  <UIString ID="LBL30">Edit Folder Datasheet</UIString>
  <UIString ID="LBL31">Number</UIString>
  <UIString ID="LBL32">Detailed Description</UIString>
  <UIString ID="LBL33">Create Date</UIString>
  <UIString ID="LBL34">Created By</UIString>
  <UIString ID="LBL35">Please fill out all required fields in order to continue</UIString>
  <UIString ID="LBL36">Datasheet</UIString>
  <UIString ID="LBL37">Associated Files</UIString>
  <UIString ID="LBL38">CAD BOM</UIString>
  <UIString ID="LBL39">New Files - Tube and Pipe</UIString>
  <UIString ID="LBL40">Run Assemblies</UIString>
  <UIString ID="LBL41">Container Assemblies</UIString>
  <UIString ID="LBL42">Route Part(s)</UIString>
  <UIString ID="LBL43">Run Components</UIString>
  <UIString ID="LBL44">New Files - Cable and Harness</UIString>
  <UIString ID="LBL45">Harness Container Assemblies</UIString>
  <UIString ID="LBL46">Cable and Harness Container Assemblies</UIString>
  <UIString ID="LBL47">Harness Part(s)</UIString>
  <UIString ID="LBL48">Cable and Harness Part(s)</UIString>
  <UIString ID="LBL49">Copy properties to part</UIString>
  <UIString ID="LBL50">New Files - Design Accelerator</UIString>
  <UIString ID="LBL51">Design Accelerator Assemblies</UIString>
  <UIString ID="LBL52">Design Accelerator Container Assemblies</UIString>
  <UIString ID="LBL53">Design Accelerator Components</UIString>
  <UIString ID="LBL54">New Files - Frame Generator</UIString>
  <UIString ID="LBL55">Frame Assemblies</UIString>
  <UIString ID="LBL56">Frame Skeleton Part(s)</UIString>
  <UIString ID="LBL57">Frame Components</UIString>
  <UIString ID="LBL58">Thumbnail</UIString>
  <UIString ID="LBL59">Will be generated</UIString>
  <UIString ID="LBL60">Copy of</UIString>
  <UIString ID="LBL61">New Custom Object</UIString>
  <UIString ID="LBL62">Edit Custom Object Datasheet</UIString>
  <UIString ID="LBL63">Category Properties</UIString>
  <UIString ID="LBL64">Property Name</UIString>
  <UIString ID="LBL65">Property Value</UIString>
  <UIString ID="LBL66">Drawing Title</UIString>
  <UIString ID="LBL67">Drawing Subtitle</UIString>
  <UIString ID="LBL68">Author</UIString>
  <UIString ID="LBL69">Subject</UIString>
  <UIString ID="LBL70">Keywords</UIString>
  <UIString ID="LBL71">Save As Type</UIString>
  <UIString ID="LBL72">Save copy as</UIString>
  <UIString ID="LBL73">General Properties</UIString>
  <UIString ID="LBL74">Set options for selected file format</UIString>
  <UIString ID="LBL75">Material</UIString>
  <UIString ID="LBL76">Stock Number</UIString>
  <UIString ID="BTN1">OK</UIString>
  <UIString ID="BTN2">Cancel</UIString>
  <UIString ID="BTN3">Options</UIString>
  <!--Text strings used in MNU file-->
  <UIString ID="MNU1">New Standard File ...</UIString>
  <UIString ID="MNU2">Edit File Datasheet ...</UIString>
  <UIString ID="MNU3">New Standard Folder ...</UIString>
  <UIString ID="MNU4">Edit Folder Datasheet...</UIString>
  <UIString ID="MNU5">Show Data Standard Log Window</UIString>
  <UIString ID="MNU6">About Autodesk Vault Data Standard</UIString>
  <UIString ID="MNU7">Create a new file</UIString>
  <UIString ID="MNU8">Edit a file data</UIString>
  <UIString ID="MNU9">Create a new folder</UIString>
  <UIString ID="MNU10">Edit folder data</UIString>
  <UIString ID="MNU11">New Standard file</UIString>
  <UIString ID="MNU12">Edit file</UIString>
  <UIString ID="MNU13">New Folder</UIString>
  <UIString ID="MNU14">Edit Folder</UIString>
  <UIString ID="MNU15">Show Log</UIString>
  <UIString ID="MNU16">Show About Dialog</UIString>
  <UIString ID="MNU17">New Custom Object</UIString>
  <UIString ID="MNU18">Create a new custom object</UIString>
  <UIString ID="MNU19">Edit Custom Object</UIString>
  <UIString ID="MNU20">Edit a custom object</UIString>
  <UIString ID="MNU21">Edit Custom Object...</UIString>
  <UIString ID="MNU22">New Custom Object...</UIString>
  <UIString ID="MNU23">Custom Object</UIString>
  <!--Messages used in Message Boxes-->
  <UIString ID="MSG1">This function is not allowed for CAD documents in Vault Office Client</UIString>
  <UIString ID="MSG2">"Successfully loaded new custom object definitions! Please restart Vault Explorer to use them in Data Standard dialogs!"</UIString>
  <UIString ID="MSG3">"There is no connection to Vault! Do you want to login now?"</UIString>
  <UIString ID="MSG4">"A file with this name already exists. Please choose another name."</UIString>
  <UIString ID="MSG5">Warning</UIString>
  <UIString ID="MSG6">More than one entry found for menu item {0}. Please correct the file 'MenuDefinitions.xml' and restart the vault again.</UIString>
  <UIString ID="MSG7">The label attribute for the menu item {0} could not be found. Please correct the file 'MenuDefinitions.xml' and restart the vault again.</UIString>
  <UIString ID="MSG8">The PS1File attribute for the menu item {0} could not be found. Please correct the file 'MenuDefinitions.xml' and restart the vault again.</UIString>
  <UIString ID="MSG9">The Location attribute for the command site {0} could not be found. Please correct the file 'MenuDefinitions.xml' and restart the vault again.</UIString>
  <!--Messages used in AutoCAD.cfg and Inventor.cfg-->
  <UIString ID="CFG1">Copy of</UIString>
  <UIString ID="CFG2">Copy_of_</UIString>
  <!--Messages used in Validation Tooltip-->
  <UIString ID="VAL1">Field should not be empty</UIString>
  <UIString ID="VAL2">Field should contain values from {0}</UIString>
  <UIString ID="VAL3">Minimum Length of {0} characters required</UIString>
  <UIString ID="VAL4">Too Long. Length must not exceed {0}</UIString>
  <UIString ID="VAL5">Minimum Date {0} required</UIString>
  <UIString ID="VAL6">Not in range of {0}</UIString>
  <UIString ID="VAL7">Minimum value allowed is {0}</UIString>
  <UIString ID="VAL8">Maximum value allowed is {0}</UIString>
  <UIString ID="VAL9">Validation failed due to a Data Standard rule</UIString>
  <UIString ID="VAL10">Input string was not in correct format</UIString>
  <!--AutoCAD title block attributes / file properties for dynamic properties-->
  <!--use to change display name for localization or user friendly naming-->
  <UIString ID="GEN-TITLE-DES1">Drawing Title</UIString>
  <UIString ID="GEN-TITLE-DES2">Drawing Subtitle</UIString>
  <!--Inventor custom iProperties Displaynames for dynamic properties-->
  <!--use to change display name for localization or user friendly naming-->
  <!--<UIString ID="aim_description1">Description</UIString>-->
  
  <!--Vault Categories-->
  <UIString ID="CAT1">Engineering</UIString>
  <UIString ID="CAT2">Office</UIString>
  <UIString ID="CAT3">Standard</UIString>
  <UIString ID="CAT4">Base</UIString>
  <UIString ID="CAT5">Folder</UIString>
  <UIString ID="CAT6">Project</UIString>
</UIStrings>